[{"Id":"0ea67b3b-e4cb-56c1-afdc-f3ea7f38924d","NameCache":"","Settings":{"IsAccurate":true,"IsFocusedMode":false,"IsSecondsSmall":false,"IsSystemTime":false,"IsOClockEmp":true},"HideOnRule":false,"HidingRules":{"Mode":0,"IsReversed":false,"Groups":[{"Rules":[{"IsReversed":false,"Id":"","Settings":null,"IsActive":false}],"Mode":1,"IsReversed":false,"IsEnabled":true,"IsActive":false}],"IsActive":false},"IsResourceOverridingEnabled":false,"MainWindowSecondaryFontSize":14,"MainWindowBodyFontSize":16,"MainWindowEmphasizedFontSize":18,"MainWindowLargeFontSize":20,"IsCustomForegroundColorEnabled":false,"ForegroundColor":{"ColorContext":null,"A":255,"R":30,"G":144,"B":255,"ScA":1,"ScR":0.0129830325,"ScG":0.2788943,"ScB":1},"RelativeLineNumber":0,"IsMinWidthEnabled":false,"MinWidth":100,"IsMaxWidthEnabled":false,"MaxWidth":300,"IsFixedWidthEnabled":false,"FixedWidth":200,"HorizontalAlignment":3,"IsActive":false},{"Id":"1DB2017D-E374-4BC6-9D57-0B4ADF03A6B8","NameCache":"","Settings":{"ShowExtraInfoOnTimePoint":true,"ExtraInfoType":0,"IsCountdownEnabled":true,"CountdownSeconds":10,"ExtraInfo4ShowSecondsSeconds":0,"ScheduleSpacing":0.3,"ShowCurrentLessonOnlyOnClass":true,"IsNonExactCountdownEnabled":false,"ShowPlaceholderOnEmptyClassPlan":true,"PlaceholderTextNoClass":"\u4ECA\u5929\u6CA1\u6709\u8BFE\u7A0B\u3002","PlaceholderTextAllClassEnded":"\u4ECA\u65E5\u8BFE\u7A0B\u5DF2\u5168\u90E8\u7ED3\u675F\u3002","TomorrowScheduleShowMode":1,"HighlightChangedClass":true,"HideFinishedClass":false,"IsActive":false},"HideOnRule":false,"HidingRules":{"Mode":0,"IsReversed":false,"Groups":[{"Rules":[{"IsReversed":false,"Id":"","Settings":null,"IsActive":false}],"Mode":1,"IsReversed":false,"IsEnabled":true,"IsActive":false}],"IsActive":false},"IsResourceOverridingEnabled":false,"MainWindowSecondaryFontSize":14,"MainWindowBodyFontSize":16,"MainWindowEmphasizedFontSize":18,"MainWindowLargeFontSize":20,"IsCustomForegroundColorEnabled":false,"ForegroundColor":{"ColorContext":null,"A":255,"R":30,"G":144,"B":255,"ScA":1,"ScR":0.0129830325,"ScG":0.2788943,"ScB":1},"RelativeLineNumber":0,"IsMinWidthEnabled":false,"MinWidth":100,"IsMaxWidthEnabled":false,"MaxWidth":300,"IsFixedWidthEnabled":false,"FixedWidth":200,"HorizontalAlignment":3,"IsActive":false}]