[{"Id":"c911d762-107f-40c6-84cc-0146ab3c86b1","NameCache":"","Settings":{"Children":[{"Id":"0ea67b3b-e4cb-56c1-afdc-f3ea7f38924d","NameCache":"","Settings":{"IsAccurate":true,"IsFocusedMode":false,"IsSecondsSmall":false,"IsSystemTime":false,"IsOClockEmp":true},"HideOnRule":false,"HidingRules":{"Mode":0,"IsReversed":false,"Groups":[{"Rules":[{"IsReversed":false,"Id":"","Settings":null,"IsActive":false}],"Mode":1,"IsReversed":false,"IsEnabled":true,"IsActive":false}],"IsActive":false},"IsResourceOverridingEnabled":false,"MainWindowSecondaryFontSize":14,"MainWindowBodyFontSize":16,"MainWindowEmphasizedFontSize":18,"MainWindowLargeFontSize":20,"IsCustomForegroundColorEnabled":false,"ForegroundColor":{"ColorContext":null,"A":255,"R":30,"G":144,"B":255,"ScA":1,"ScR":0.0129830325,"ScG":0.2788943,"ScB":1},"RelativeLineNumber":0,"IsMinWidthEnabled":false,"MinWidth":100,"IsMaxWidthEnabled":false,"MaxWidth":300,"IsFixedWidthEnabled":false,"FixedWidth":200,"HorizontalAlignment":3,"IsActive":false},{"Id":"1db2017d-e374-4bc6-9d57-0b4adf03a6b8","NameCache":"","Settings":{"ShowExtraInfoOnTimePoint":true,"ExtraInfoType":0,"IsCountdownEnabled":true,"CountdownSeconds":10,"ExtraInfo4ShowSecondsSeconds":0,"ScheduleSpacing":0.3,"ShowCurrentLessonOnlyOnClass":false,"IsNonExactCountdownEnabled":false,"ShowPlaceholderOnEmptyClassPlan":true,"PlaceholderTextNoClass":"\u4ECA\u5929\u6CA1\u6709\u8BFE\u7A0B\u3002","PlaceholderTextAllClassEnded":"\u4ECA\u65E5\u8BFE\u7A0B\u5DF2\u5168\u90E8\u7ED3\u675F\u3002","TomorrowScheduleShowMode":1,"HighlightChangedClass":true,"HideFinishedClass":false,"IsActive":false},"HideOnRule":false,"HidingRules":{"Mode":0,"IsReversed":false,"Groups":[{"Rules":[{"IsReversed":false,"Id":"","Settings":null,"IsActive":false}],"Mode":1,"IsReversed":false,"IsEnabled":true,"IsActive":false}],"IsActive":false},"IsResourceOverridingEnabled":false,"MainWindowSecondaryFontSize":14,"MainWindowBodyFontSize":16,"MainWindowEmphasizedFontSize":18,"MainWindowLargeFontSize":20,"IsCustomForegroundColorEnabled":false,"ForegroundColor":{"ColorContext":null,"A":255,"R":30,"G":144,"B":255,"ScA":1,"ScR":0.0129830325,"ScG":0.2788943,"ScB":1},"RelativeLineNumber":0,"IsMinWidthEnabled":false,"MinWidth":100,"IsMaxWidthEnabled":false,"MaxWidth":300,"IsFixedWidthEnabled":false,"FixedWidth":200,"HorizontalAlignment":3,"IsActive":false},{"Id":"7e19a113-d281-4f33-970a-834a0b78b5ad","NameCache":"","Settings":{"Children":[{"Id":"ca495086-e297-4beb-9603-c5c1c1a8551e","NameCache":"","Settings":{"ShowAlerts":true,"AlertsTitleShowMode":1,"ShowRainTime":true,"ShowMainWeatherInfo":true,"MainWeatherInfoKind":0,"IsActive":false},"HideOnRule":false,"HidingRules":{"Mode":0,"IsReversed":false,"Groups":[{"Rules":[{"IsReversed":false,"Id":"","Settings":null,"IsActive":false}],"Mode":1,"IsReversed":false,"IsEnabled":true,"IsActive":false}],"IsActive":false},"IsResourceOverridingEnabled":false,"MainWindowSecondaryFontSize":14,"MainWindowBodyFontSize":16,"MainWindowEmphasizedFontSize":18,"MainWindowLargeFontSize":20,"IsCustomForegroundColorEnabled":false,"ForegroundColor":{"ColorContext":null,"A":255,"R":30,"G":144,"B":255,"ScA":1,"ScR":0.0129830325,"ScG":0.2788943,"ScB":1},"RelativeLineNumber":0,"IsMinWidthEnabled":false,"MinWidth":100,"IsMaxWidthEnabled":false,"MaxWidth":300,"IsFixedWidthEnabled":false,"FixedWidth":200,"HorizontalAlignment":3,"IsActive":false},{"Id":"df3f8295-21f6-482e-bada-fa0e5f14bb66","NameCache":"","Settings":null,"HideOnRule":false,"HidingRules":{"Mode":0,"IsReversed":false,"Groups":[{"Rules":[{"IsReversed":false,"Id":"","Settings":null,"IsActive":false}],"Mode":1,"IsReversed":false,"IsEnabled":true,"IsActive":false}],"IsActive":false},"IsResourceOverridingEnabled":false,"MainWindowSecondaryFontSize":14,"MainWindowBodyFontSize":16,"MainWindowEmphasizedFontSize":18,"MainWindowLargeFontSize":20,"IsCustomForegroundColorEnabled":false,"ForegroundColor":{"ColorContext":null,"A":255,"R":30,"G":144,"B":255,"ScA":1,"ScR":0.0129830325,"ScG":0.2788943,"ScB":1},"RelativeLineNumber":0,"IsMinWidthEnabled":false,"MinWidth":100,"IsMaxWidthEnabled":false,"MaxWidth":300,"IsFixedWidthEnabled":false,"FixedWidth":200,"HorizontalAlignment":3,"IsActive":false}],"SlideSeconds":10,"SlideMode":0,"IsPauseOnRuleEnabled":false,"PauseRule":{"Mode":0,"IsReversed":false,"Groups":[{"Rules":[{"IsReversed":false,"Id":"","Settings":null,"IsActive":false}],"Mode":1,"IsReversed":false,"IsEnabled":true,"IsActive":false}],"IsActive":false},"IsStopOnRuleEnabled":false,"StopRule":{"Mode":0,"IsReversed":false,"Groups":[{"Rules":[{"IsReversed":false,"Id":"","Settings":null,"IsActive":false}],"Mode":1,"IsReversed":false,"IsEnabled":true,"IsActive":false}],"IsActive":false},"UseOldPresentingBehavior":false,"IsAnimationEnabled":true},"HideOnRule":true,"HidingRules":{"Mode":1,"IsReversed":false,"Groups":[{"Rules":[{"IsReversed":false,"Id":"classisland.lessons.timeState","Settings":{"State":1,"IsActive":false},"IsActive":false}],"Mode":1,"IsReversed":false,"IsEnabled":true,"IsActive":false}],"IsActive":false},"IsResourceOverridingEnabled":false,"MainWindowSecondaryFontSize":14,"MainWindowBodyFontSize":16,"MainWindowEmphasizedFontSize":18,"MainWindowLargeFontSize":20,"IsCustomForegroundColorEnabled":false,"ForegroundColor":{"ColorContext":null,"A":255,"R":30,"G":144,"B":255,"ScA":1,"ScR":0.0129830325,"ScG":0.2788943,"ScB":1},"RelativeLineNumber":0,"IsMinWidthEnabled":false,"MinWidth":100,"IsMaxWidthEnabled":false,"MaxWidth":300,"IsFixedWidthEnabled":false,"FixedWidth":200,"HorizontalAlignment":3,"IsActive":false},{"Id":"7e19a113-d281-4f33-970a-834a0b78b5ad","NameCache":"","Settings":{"Children":[{"Id":"ca495086-e297-4beb-9603-c5c1c1a8551e","NameCache":"","Settings":{"ShowAlerts":true,"AlertsTitleShowMode":1,"ShowRainTime":true,"ShowMainWeatherInfo":true,"MainWeatherInfoKind":0,"IsActive":false},"HideOnRule":false,"HidingRules":{"Mode":0,"IsReversed":false,"Groups":[{"Rules":[{"IsReversed":false,"Id":"","Settings":null,"IsActive":false}],"Mode":1,"IsReversed":false,"IsEnabled":true,"IsActive":false}],"IsActive":false},"IsResourceOverridingEnabled":false,"MainWindowSecondaryFontSize":14,"MainWindowBodyFontSize":16,"MainWindowEmphasizedFontSize":18,"MainWindowLargeFontSize":20,"IsCustomForegroundColorEnabled":false,"ForegroundColor":{"ColorContext":null,"A":255,"R":30,"G":144,"B":255,"ScA":1,"ScR":0.0129830325,"ScG":0.2788943,"ScB":1},"RelativeLineNumber":0,"IsMinWidthEnabled":false,"MinWidth":100,"IsMaxWidthEnabled":false,"MaxWidth":300,"IsFixedWidthEnabled":false,"FixedWidth":200,"HorizontalAlignment":3,"IsActive":false},{"Id":"df3f8295-21f6-482e-bada-fa0e5f14bb66","NameCache":"","Settings":null,"HideOnRule":false,"HidingRules":{"Mode":0,"IsReversed":false,"Groups":[{"Rules":[{"IsReversed":false,"Id":"","Settings":null,"IsActive":false}],"Mode":1,"IsReversed":false,"IsEnabled":true,"IsActive":false}],"IsActive":false},"IsResourceOverridingEnabled":false,"MainWindowSecondaryFontSize":14,"MainWindowBodyFontSize":16,"MainWindowEmphasizedFontSize":18,"MainWindowLargeFontSize":20,"IsCustomForegroundColorEnabled":false,"ForegroundColor":{"ColorContext":null,"A":255,"R":30,"G":144,"B":255,"ScA":1,"ScR":0.0129830325,"ScG":0.2788943,"ScB":1},"RelativeLineNumber":0,"IsMinWidthEnabled":false,"MinWidth":100,"IsMaxWidthEnabled":false,"MaxWidth":300,"IsFixedWidthEnabled":false,"FixedWidth":200,"HorizontalAlignment":3,"IsActive":false},{"Id":"b977eccc-1a59-4c71-a4eb-67780e16e926","NameCache":"","Settings":{"IsCompactModeEnabled":false},"HideOnRule":false,"HidingRules":{"Mode":1,"IsReversed":false,"Groups":[{"Rules":[{"IsReversed":true,"Id":"classisland.lessons.timeState","Settings":{"State":1,"IsActive":false},"IsActive":false}],"Mode":1,"IsReversed":false,"IsEnabled":false,"IsActive":false},{"Rules":[{"IsReversed":false,"Id":"classisland.test.true","Settings":null,"IsActive":false}],"Mode":1,"IsReversed":false,"IsEnabled":true,"IsActive":false}],"IsActive":false},"IsResourceOverridingEnabled":false,"MainWindowSecondaryFontSize":14,"MainWindowBodyFontSize":16,"MainWindowEmphasizedFontSize":18,"MainWindowLargeFontSize":20,"IsCustomForegroundColorEnabled":false,"ForegroundColor":{"ColorContext":null,"A":255,"R":30,"G":144,"B":255,"ScA":1,"ScR":0.0129830325,"ScG":0.2788943,"ScB":1},"RelativeLineNumber":0,"IsMinWidthEnabled":false,"MinWidth":100,"IsMaxWidthEnabled":false,"MaxWidth":300,"IsFixedWidthEnabled":false,"FixedWidth":200,"HorizontalAlignment":3,"IsActive":false},{"Id":"7c645d35-8151-48ba-b4ac-15017460d994","NameCache":"","Settings":{"CountDownName":"\u4F1A\u8003","OverTime":"2025-05-27T00:00:00","DaysLeft":0,"FontColor":{"ColorContext":null,"A":255,"R":80,"G":238,"B":72,"ScA":1,"ScR":0.08021983,"ScG":0.8549926,"ScB":0.06480327},"FontSize":16,"IsCompactModeEnabled":true,"IsActive":false},"HideOnRule":false,"HidingRules":{"Mode":0,"IsReversed":false,"Groups":[{"Rules":[{"IsReversed":false,"Id":"","Settings":null,"IsActive":false}],"Mode":1,"IsReversed":false,"IsEnabled":true,"IsActive":false}],"IsActive":false},"IsResourceOverridingEnabled":false,"MainWindowSecondaryFontSize":14,"MainWindowBodyFontSize":16,"MainWindowEmphasizedFontSize":18,"MainWindowLargeFontSize":20,"IsCustomForegroundColorEnabled":false,"ForegroundColor":{"ColorContext":null,"A":255,"R":30,"G":144,"B":255,"ScA":1,"ScR":0.0129830325,"ScG":0.2788943,"ScB":1},"RelativeLineNumber":0,"IsMinWidthEnabled":false,"MinWidth":100,"IsMaxWidthEnabled":false,"MaxWidth":300,"IsFixedWidthEnabled":false,"FixedWidth":200,"HorizontalAlignment":3,"IsActive":false}],"SlideSeconds":5,"SlideMode":0,"IsPauseOnRuleEnabled":false,"PauseRule":{"Mode":0,"IsReversed":false,"Groups":[{"Rules":[{"IsReversed":false,"Id":"","Settings":null,"IsActive":false}],"Mode":1,"IsReversed":false,"IsEnabled":true,"IsActive":false}],"IsActive":false},"IsStopOnRuleEnabled":false,"StopRule":{"Mode":0,"IsReversed":false,"Groups":[{"Rules":[{"IsReversed":false,"Id":"","Settings":null,"IsActive":false}],"Mode":1,"IsReversed":false,"IsEnabled":true,"IsActive":false}],"IsActive":false},"UseOldPresentingBehavior":false,"IsAnimationEnabled":true},"HideOnRule":true,"HidingRules":{"Mode":0,"IsReversed":false,"Groups":[{"Rules":[{"IsReversed":true,"Id":"classisland.lessons.timeState","Settings":{"State":1,"IsActive":false},"IsActive":false}],"Mode":1,"IsReversed":false,"IsEnabled":true,"IsActive":false},{"Rules":[{"IsReversed":false,"Id":"classisland.test.true","Settings":null,"IsActive":false}],"Mode":1,"IsReversed":false,"IsEnabled":false,"IsActive":false}],"IsActive":false},"IsResourceOverridingEnabled":false,"MainWindowSecondaryFontSize":14,"MainWindowBodyFontSize":16,"MainWindowEmphasizedFontSize":18,"MainWindowLargeFontSize":20,"IsCustomForegroundColorEnabled":false,"ForegroundColor":{"ColorContext":null,"A":255,"R":30,"G":144,"B":255,"ScA":1,"ScR":0.0129830325,"ScG":0.2788943,"ScB":1},"RelativeLineNumber":0,"IsMinWidthEnabled":false,"MinWidth":100,"IsMaxWidthEnabled":false,"MaxWidth":300,"IsFixedWidthEnabled":false,"FixedWidth":200,"HorizontalAlignment":3,"IsActive":false}]},"HideOnRule":false,"HidingRules":{"Mode":0,"IsReversed":false,"Groups":[{"Rules":[{"IsReversed":false,"Id":"","Settings":null,"IsActive":false}],"Mode":1,"IsReversed":false,"IsEnabled":true,"IsActive":false}],"IsActive":false},"IsResourceOverridingEnabled":false,"MainWindowSecondaryFontSize":14,"MainWindowBodyFontSize":16,"MainWindowEmphasizedFontSize":18,"MainWindowLargeFontSize":20,"IsCustomForegroundColorEnabled":false,"ForegroundColor":{"ColorContext":null,"A":255,"R":30,"G":144,"B":255,"ScA":1,"ScR":0.0129830325,"ScG":0.2788943,"ScB":1},"RelativeLineNumber":0,"IsMinWidthEnabled":false,"MinWidth":100,"IsMaxWidthEnabled":false,"MaxWidth":300,"IsFixedWidthEnabled":false,"FixedWidth":200,"HorizontalAlignment":3,"IsActive":false},{"Id":"c911d762-107f-40c6-84cc-0146ab3c86b1","NameCache":"","Settings":{"Children":[{"Id":"ee8f66bd-c423-4e7c-ab46-aa9976b00e08","NameCache":"","Settings":{"TextContent":"\u503C\u65E5\u751F\uFF1A","FontSize":16,"FontColor":{"ColorContext":null,"A":255,"R":0,"G":0,"B":0,"ScA":1,"ScR":0,"ScG":0,"ScB":0},"IsActive":false},"HideOnRule":false,"HidingRules":{"Mode":0,"IsReversed":false,"Groups":[{"Rules":[{"IsReversed":false,"Id":"","Settings":null,"IsActive":false}],"Mode":1,"IsReversed":false,"IsEnabled":true,"IsActive":false}],"IsActive":false},"IsResourceOverridingEnabled":false,"MainWindowSecondaryFontSize":14,"MainWindowBodyFontSize":16,"MainWindowEmphasizedFontSize":18,"MainWindowLargeFontSize":20,"IsCustomForegroundColorEnabled":false,"ForegroundColor":{"ColorContext":null,"A":255,"R":30,"G":144,"B":255,"ScA":1,"ScR":0.0129830325,"ScG":0.2788943,"ScB":1},"RelativeLineNumber":0,"IsMinWidthEnabled":false,"MinWidth":100,"IsMaxWidthEnabled":false,"MaxWidth":300,"IsFixedWidthEnabled":false,"FixedWidth":200,"HorizontalAlignment":3,"IsActive":false},{"Id":"b977eccc-1a59-4c71-a4eb-67780e16e926","NameCache":"","Settings":{"IsCompactModeEnabled":false},"HideOnRule":false,"HidingRules":{"Mode":1,"IsReversed":false,"Groups":[{"Rules":[{"IsReversed":true,"Id":"classisland.lessons.timeState","Settings":{"State":1,"IsActive":false},"IsActive":false}],"Mode":1,"IsReversed":false,"IsEnabled":true,"IsActive":false}],"IsActive":false},"IsResourceOverridingEnabled":false,"MainWindowSecondaryFontSize":14,"MainWindowBodyFontSize":16,"MainWindowEmphasizedFontSize":18,"MainWindowLargeFontSize":20,"IsCustomForegroundColorEnabled":false,"ForegroundColor":{"ColorContext":null,"A":255,"R":30,"G":144,"B":255,"ScA":1,"ScR":0.0129830325,"ScG":0.2788943,"ScB":1},"RelativeLineNumber":0,"IsMinWidthEnabled":false,"MinWidth":100,"IsMaxWidthEnabled":false,"MaxWidth":300,"IsFixedWidthEnabled":false,"FixedWidth":200,"HorizontalAlignment":3,"IsActive":false},{"Id":"7c645d35-8151-48ba-b4ac-15017460d994","NameCache":"","Settings":{"CountDownName":"\u4F1A\u8003","OverTime":"2025-05-27T00:00:00","DaysLeft":0,"FontColor":{"ColorContext":null,"A":255,"R":80,"G":238,"B":72,"ScA":1,"ScR":0.08021983,"ScG":0.8549926,"ScB":0.06480327},"FontSize":16,"IsCompactModeEnabled":false,"IsActive":false},"HideOnRule":false,"HidingRules":{"Mode":0,"IsReversed":false,"Groups":[{"Rules":[{"IsReversed":false,"Id":"","Settings":null,"IsActive":false}],"Mode":1,"IsReversed":false,"IsEnabled":true,"IsActive":false}],"IsActive":false},"IsResourceOverridingEnabled":false,"MainWindowSecondaryFontSize":14,"MainWindowBodyFontSize":16,"MainWindowEmphasizedFontSize":18,"MainWindowLargeFontSize":20,"IsCustomForegroundColorEnabled":false,"ForegroundColor":{"ColorContext":null,"A":255,"R":30,"G":144,"B":255,"ScA":1,"ScR":0.0129830325,"ScG":0.2788943,"ScB":1},"RelativeLineNumber":0,"IsMinWidthEnabled":false,"MinWidth":100,"IsMaxWidthEnabled":false,"MaxWidth":300,"IsFixedWidthEnabled":false,"FixedWidth":200,"HorizontalAlignment":3,"IsActive":false}]},"HideOnRule":true,"HidingRules":{"Mode":0,"IsReversed":false,"Groups":[{"Rules":[{"IsReversed":false,"Id":"classisland.lessons.timeState","Settings":{"State":1,"IsActive":false},"IsActive":false}],"Mode":1,"IsReversed":false,"IsEnabled":true,"IsActive":false},{"Rules":[{"IsReversed":false,"Id":"classisland.test.true","Settings":null,"IsActive":false}],"Mode":1,"IsReversed":false,"IsEnabled":false,"IsActive":false}],"IsActive":false},"IsResourceOverridingEnabled":false,"MainWindowSecondaryFontSize":14,"MainWindowBodyFontSize":16,"MainWindowEmphasizedFontSize":18,"MainWindowLargeFontSize":20,"IsCustomForegroundColorEnabled":false,"ForegroundColor":{"ColorContext":null,"A":255,"R":30,"G":144,"B":255,"ScA":1,"ScR":0.0129830325,"ScG":0.2788943,"ScB":1},"RelativeLineNumber":3,"IsMinWidthEnabled":false,"MinWidth":100,"IsMaxWidthEnabled":false,"MaxWidth":300,"IsFixedWidthEnabled":false,"FixedWidth":200,"HorizontalAlignment":3,"IsActive":false},{"Id":"c911d762-107f-40c6-84cc-0146ab3c86b1","NameCache":"","Settings":{"Children":[{"Id":"8214141d-6b3b-4ad3-9674-389845493492","NameCache":"","Settings":null,"HideOnRule":false,"HidingRules":{"Mode":0,"IsReversed":false,"Groups":[{"Rules":[{"IsReversed":false,"Id":"classisland.test.true","Settings":null,"IsActive":false}],"Mode":1,"IsReversed":false,"IsEnabled":true,"IsActive":false}],"IsActive":false},"IsResourceOverridingEnabled":false,"MainWindowSecondaryFontSize":14,"MainWindowBodyFontSize":16,"MainWindowEmphasizedFontSize":18,"MainWindowLargeFontSize":20,"IsCustomForegroundColorEnabled":false,"ForegroundColor":{"ColorContext":null,"A":255,"R":30,"G":144,"B":255,"ScA":1,"ScR":0.0129830325,"ScG":0.2788943,"ScB":1},"RelativeLineNumber":0,"IsMinWidthEnabled":false,"MinWidth":100,"IsMaxWidthEnabled":false,"MaxWidth":300,"IsFixedWidthEnabled":false,"FixedWidth":200,"HorizontalAlignment":3,"IsActive":false}]},"HideOnRule":true,"HidingRules":{"Mode":0,"IsReversed":true,"Groups":[{"Rules":[{"IsReversed":false,"Id":"classisland.windows.processName","Settings":{"Text":"lx-music-desktop.exe","UseRegex":false,"IsActive":false},"IsActive":false},{"IsReversed":false,"Id":"classisland.windows.className","Settings":{"Text":"msedge.exe","UseRegex":false,"IsActive":false},"IsActive":false}],"Mode":0,"IsReversed":false,"IsEnabled":false,"IsActive":false},{"Rules":[{"IsReversed":false,"Id":"classisland.lessons.currentSubject","Settings":{"SubjectId":"91a88ebb-8ecb-493e-b09c-e35718f01dce","IsActive":false},"IsActive":false}],"Mode":0,"IsReversed":false,"IsEnabled":false,"IsActive":false},{"Rules":[{"IsReversed":false,"Id":"classisland.test.false","Settings":null,"IsActive":false}],"Mode":1,"IsReversed":false,"IsEnabled":true,"IsActive":false}],"IsActive":false},"IsResourceOverridingEnabled":false,"MainWindowSecondaryFontSize":14,"MainWindowBodyFontSize":16,"MainWindowEmphasizedFontSize":18,"MainWindowLargeFontSize":20,"IsCustomForegroundColorEnabled":false,"ForegroundColor":{"ColorContext":null,"A":255,"R":30,"G":144,"B":255,"ScA":1,"ScR":0.0129830325,"ScG":0.2788943,"ScB":1},"RelativeLineNumber":5,"IsMinWidthEnabled":false,"MinWidth":100,"IsMaxWidthEnabled":false,"MaxWidth":300,"IsFixedWidthEnabled":false,"FixedWidth":200,"HorizontalAlignment":3,"IsActive":false},{"Id":"c911d762-107f-40c6-84cc-0146ab3c86b1","NameCache":"","Settings":{"Children":[{"Id":"ca495086-e297-4beb-9603-c5c1c1a8551e","NameCache":"","Settings":{"ShowAlerts":true,"AlertsTitleShowMode":1,"ShowRainTime":true,"ShowMainWeatherInfo":true,"MainWeatherInfoKind":0,"IsActive":false},"HideOnRule":false,"HidingRules":{"Mode":0,"IsReversed":false,"Groups":[{"Rules":[{"IsReversed":false,"Id":"","Settings":null,"IsActive":false}],"Mode":1,"IsReversed":false,"IsEnabled":true,"IsActive":false}],"IsActive":false},"IsResourceOverridingEnabled":false,"MainWindowSecondaryFontSize":14,"MainWindowBodyFontSize":16,"MainWindowEmphasizedFontSize":18,"MainWindowLargeFontSize":20,"IsCustomForegroundColorEnabled":false,"ForegroundColor":{"ColorContext":null,"A":255,"R":30,"G":144,"B":255,"ScA":1,"ScR":0.0129830325,"ScG":0.2788943,"ScB":1},"RelativeLineNumber":0,"IsMinWidthEnabled":false,"MinWidth":100,"IsMaxWidthEnabled":false,"MaxWidth":300,"IsFixedWidthEnabled":false,"FixedWidth":200,"HorizontalAlignment":3,"IsActive":false},{"Id":"ca495086-e297-4beb-9603-c5c1c1a8551e","NameCache":"","Settings":{"ShowAlerts":false,"AlertsTitleShowMode":1,"ShowRainTime":false,"ShowMainWeatherInfo":true,"MainWeatherInfoKind":1,"IsActive":false},"HideOnRule":false,"HidingRules":{"Mode":0,"IsReversed":false,"Groups":[{"Rules":[{"IsReversed":false,"Id":"","Settings":null,"IsActive":false}],"Mode":1,"IsReversed":false,"IsEnabled":true,"IsActive":false}],"IsActive":false},"IsResourceOverridingEnabled":false,"MainWindowSecondaryFontSize":14,"MainWindowBodyFontSize":16,"MainWindowEmphasizedFontSize":18,"MainWindowLargeFontSize":20,"IsCustomForegroundColorEnabled":false,"ForegroundColor":{"ColorContext":null,"A":255,"R":30,"G":144,"B":255,"ScA":1,"ScR":0.0129830325,"ScG":0.2788943,"ScB":1},"RelativeLineNumber":0,"IsMinWidthEnabled":false,"MinWidth":100,"IsMaxWidthEnabled":false,"MaxWidth":300,"IsFixedWidthEnabled":false,"FixedWidth":200,"HorizontalAlignment":3,"IsActive":false},{"Id":"ca495086-e297-4beb-9603-c5c1c1a8551e","NameCache":"","Settings":{"ShowAlerts":false,"AlertsTitleShowMode":1,"ShowRainTime":false,"ShowMainWeatherInfo":true,"MainWeatherInfoKind":2,"IsActive":false},"HideOnRule":false,"HidingRules":{"Mode":0,"IsReversed":false,"Groups":[{"Rules":[{"IsReversed":false,"Id":"","Settings":null,"IsActive":false}],"Mode":1,"IsReversed":false,"IsEnabled":true,"IsActive":false}],"IsActive":false},"IsResourceOverridingEnabled":false,"MainWindowSecondaryFontSize":14,"MainWindowBodyFontSize":16,"MainWindowEmphasizedFontSize":18,"MainWindowLargeFontSize":20,"IsCustomForegroundColorEnabled":false,"ForegroundColor":{"ColorContext":null,"A":255,"R":30,"G":144,"B":255,"ScA":1,"ScR":0.0129830325,"ScG":0.2788943,"ScB":1},"RelativeLineNumber":0,"IsMinWidthEnabled":false,"MinWidth":100,"IsMaxWidthEnabled":false,"MaxWidth":300,"IsFixedWidthEnabled":false,"FixedWidth":200,"HorizontalAlignment":3,"IsActive":false},{"Id":"ca495086-e297-4beb-9603-c5c1c1a8551e","NameCache":"","Settings":{"ShowAlerts":false,"AlertsTitleShowMode":1,"ShowRainTime":false,"ShowMainWeatherInfo":true,"MainWeatherInfoKind":3,"IsActive":false},"HideOnRule":false,"HidingRules":{"Mode":0,"IsReversed":false,"Groups":[{"Rules":[{"IsReversed":false,"Id":"","Settings":null,"IsActive":false}],"Mode":1,"IsReversed":false,"IsEnabled":true,"IsActive":false}],"IsActive":false},"IsResourceOverridingEnabled":false,"MainWindowSecondaryFontSize":14,"MainWindowBodyFontSize":16,"MainWindowEmphasizedFontSize":18,"MainWindowLargeFontSize":20,"IsCustomForegroundColorEnabled":false,"ForegroundColor":{"ColorContext":null,"A":255,"R":30,"G":144,"B":255,"ScA":1,"ScR":0.0129830325,"ScG":0.2788943,"ScB":1},"RelativeLineNumber":0,"IsMinWidthEnabled":false,"MinWidth":100,"IsMaxWidthEnabled":false,"MaxWidth":300,"IsFixedWidthEnabled":false,"FixedWidth":200,"HorizontalAlignment":3,"IsActive":false},{"Id":"ca495086-e297-4beb-9603-c5c1c1a8551e","NameCache":"","Settings":{"ShowAlerts":false,"AlertsTitleShowMode":1,"ShowRainTime":false,"ShowMainWeatherInfo":true,"MainWeatherInfoKind":4,"IsActive":false},"HideOnRule":false,"HidingRules":{"Mode":0,"IsReversed":false,"Groups":[{"Rules":[{"IsReversed":false,"Id":"","Settings":null,"IsActive":false}],"Mode":1,"IsReversed":false,"IsEnabled":true,"IsActive":false}],"IsActive":false},"IsResourceOverridingEnabled":false,"MainWindowSecondaryFontSize":14,"MainWindowBodyFontSize":16,"MainWindowEmphasizedFontSize":18,"MainWindowLargeFontSize":20,"IsCustomForegroundColorEnabled":false,"ForegroundColor":{"ColorContext":null,"A":255,"R":30,"G":144,"B":255,"ScA":1,"ScR":0.0129830325,"ScG":0.2788943,"ScB":1},"RelativeLineNumber":0,"IsMinWidthEnabled":false,"MinWidth":100,"IsMaxWidthEnabled":false,"MaxWidth":300,"IsFixedWidthEnabled":false,"FixedWidth":200,"HorizontalAlignment":3,"IsActive":false},{"Id":"ca495086-e297-4beb-9603-c5c1c1a8551e","NameCache":"","Settings":{"ShowAlerts":false,"AlertsTitleShowMode":1,"ShowRainTime":false,"ShowMainWeatherInfo":true,"MainWeatherInfoKind":5,"IsActive":false},"HideOnRule":false,"HidingRules":{"Mode":0,"IsReversed":false,"Groups":[{"Rules":[{"IsReversed":false,"Id":"","Settings":null,"IsActive":false}],"Mode":1,"IsReversed":false,"IsEnabled":true,"IsActive":false}],"IsActive":false},"IsResourceOverridingEnabled":false,"MainWindowSecondaryFontSize":14,"MainWindowBodyFontSize":16,"MainWindowEmphasizedFontSize":18,"MainWindowLargeFontSize":20,"IsCustomForegroundColorEnabled":false,"ForegroundColor":{"ColorContext":null,"A":255,"R":30,"G":144,"B":255,"ScA":1,"ScR":0.0129830325,"ScG":0.2788943,"ScB":1},"RelativeLineNumber":0,"IsMinWidthEnabled":false,"MinWidth":100,"IsMaxWidthEnabled":false,"MaxWidth":300,"IsFixedWidthEnabled":false,"FixedWidth":200,"HorizontalAlignment":3,"IsActive":false}]},"HideOnRule":true,"HidingRules":{"Mode":0,"IsReversed":false,"Groups":[{"Rules":[{"IsReversed":false,"Id":"classisland.lessons.timeState","Settings":{"State":1,"IsActive":false},"IsActive":false}],"Mode":1,"IsReversed":false,"IsEnabled":false,"IsActive":false},{"Rules":[{"IsReversed":false,"Id":"classisland.test.true","Settings":null,"IsActive":false}],"Mode":1,"IsReversed":false,"IsEnabled":true,"IsActive":false}],"IsActive":false},"IsResourceOverridingEnabled":false,"MainWindowSecondaryFontSize":14,"MainWindowBodyFontSize":16,"MainWindowEmphasizedFontSize":18,"MainWindowLargeFontSize":20,"IsCustomForegroundColorEnabled":false,"ForegroundColor":{"ColorContext":null,"A":255,"R":30,"G":144,"B":255,"ScA":1,"ScR":0.0129830325,"ScG":0.2788943,"ScB":1},"RelativeLineNumber":2,"IsMinWidthEnabled":false,"MinWidth":100,"IsMaxWidthEnabled":false,"MaxWidth":300,"IsFixedWidthEnabled":false,"FixedWidth":200,"HorizontalAlignment":3,"IsActive":false}]