[{"Ruleset":{"Mode":0,"IsReversed":false,"Groups":[{"Rules":[{"IsReversed":false,"Id":"","Settings":null,"IsActive":false}],"Mode":1,"IsReversed":false,"IsEnabled":true,"IsActive":false}],"IsActive":false},"ActionSet":{"IsEnabled":true,"Name":"CREAT-msedge","Guid":"83863715-7688-4836-afe4-5c36ecc00e96","IsOn":false,"Actions":[{"Id":"classisland.os.run","Settings":{"Value":"https://bilibili.com","Args":"","IsActive":false},"IsActive":false}],"IsRevertEnabled":false,"IsActive":false},"Triggers":[{"Id":"classisland.cron","Settings":{"CronExpression":"0 50 13 * * ?","IsActive":false},"IsActive":false}],"IsConditionEnabled":false,"IsActive":false},{"Ruleset":{"Mode":0,"IsReversed":false,"Groups":[{"Rules":[{"IsReversed":false,"Id":"","Settings":null,"IsActive":false}],"Mode":1,"IsReversed":false,"IsEnabled":true,"IsActive":false}],"IsActive":false},"ActionSet":{"IsEnabled":true,"Name":"KILL-msedge","Guid":"fb38c9e5-9a0c-45b9-bf0b-45c2408347eb","IsOn":false,"Actions":[{"Id":"classisland.os.run","Settings":{"Value":"taskkill /f /im msedge.exe /t","Args":"","IsActive":false},"IsActive":false},{"Id":"classisland.os.run","Settings":{"Value":"taskkill /f /im lx-music-desktop.exe /t","Args":"","IsActive":false},"IsActive":false}],"IsRevertEnabled":false,"IsActive":false},"Triggers":[{"Id":"classisland.cron","Settings":{"CronExpression":"0 58 13 ? * 2-7","IsActive":false},"IsActive":false}],"IsConditionEnabled":false,"IsActive":false},{"Ruleset":{"Mode":1,"IsReversed":false,"Groups":[{"Rules":[{"IsReversed":false,"Id":"classisland.lessons.currentSubject","Settings":{"SubjectId":"97d0bf3f-137f-4f8a-87d6-ff387063bbd3","IsActive":false},"IsActive":false},{"IsReversed":false,"Id":"classisland.lessons.currentSubject","Settings":{"SubjectId":"1154d452-5ede-4194-b4dd-cb40c956c8ed","IsActive":false},"IsActive":false}],"Mode":0,"IsReversed":false,"IsEnabled":true,"IsActive":false},{"Rules":[{"IsReversed":true,"Id":"classisland.windows.status","Settings":{"State":3,"IsActive":false},"IsActive":false}],"Mode":0,"IsReversed":false,"IsEnabled":true,"IsActive":false}],"IsActive":false},"ActionSet":{"IsEnabled":true,"Name":"EN5","Guid":"615b79a3-ad09-4b19-b090-9d2c030f9ba6","IsOn":false,"Actions":[{"Id":"classisland.os.run","Settings":{"Value":"C:\\Program Files (x86)\\Seewo\\EasiNote5\\swenlauncher\\swenlauncher.exe","Args":"","IsActive":false},"IsActive":false}],"IsRevertEnabled":false,"IsActive":false},"Triggers":[{"Id":"classisland.lessons.onClass","Settings":{"CronExpression":"* * * * *","IsActive":false},"IsActive":false}],"IsConditionEnabled":true,"IsActive":false},{"Ruleset":{"Mode":0,"IsReversed":false,"Groups":[{"Rules":[{"IsReversed":false,"Id":"classisland.lessons.currentSubject","Settings":{"SubjectId":"3ef14340-52d1-4ae2-b9f2-4dcd93365e81","IsActive":false},"IsActive":false}],"Mode":1,"IsReversed":false,"IsEnabled":true,"IsActive":false}],"IsActive":false},"ActionSet":{"IsEnabled":true,"Name":"EW-WOM","Guid":"f7710b8e-13c7-4c4d-8513-7e925d880804","IsOn":false,"Actions":[{"Id":"classisland.os.run","Settings":{"Value":"D:\\Information\\Fe\u002BC.mp3","Args":"","IsActive":false},"IsActive":false}],"IsRevertEnabled":false,"IsActive":false},"Triggers":[{"Id":"classisland.lessons.onClass","Settings":null,"IsActive":false}],"IsConditionEnabled":true,"IsActive":false},{"Ruleset":{"Mode":0,"IsReversed":false,"Groups":[{"Rules":[{"IsReversed":false,"Id":"classisland.windows.text","Settings":{"Text":"\u5E0C\u6C83\u89C6\u9891\u5C55\u53F0","UseRegex":false,"IsActive":false},"IsActive":false}],"Mode":1,"IsReversed":false,"IsEnabled":true,"IsActive":false}],"IsActive":false},"ActionSet":{"IsEnabled":true,"Name":"AU-FOLD","Guid":"2ffbb23c-8b9f-4144-a7b0-17e976441d8f","IsOn":false,"Actions":[{"Id":"classisland.settings.currentComponentConfig","Settings":{"Value":"fold","IsActive":false},"IsActive":false},{"Id":"classisland.settings.windowDockingLocation","Settings":{"Value":2,"IsActive":false},"IsActive":false}],"IsRevertEnabled":true,"IsActive":false},"Triggers":[{"Id":"classisland.ruleSet.rulesetChanged","Settings":null,"IsActive":false}],"IsConditionEnabled":true,"IsActive":false},{"Ruleset":{"Mode":1,"IsReversed":false,"Groups":[{"Rules":[{"IsReversed":false,"Id":"classisland.lessons.nextSubject","Settings":{"SubjectId":"3bbed0c0-bcf3-4dfe-a78d-5da9b02cf8bd","IsActive":false},"IsActive":false}],"Mode":1,"IsReversed":false,"IsEnabled":true,"IsActive":false},{"Rules":[{"IsReversed":true,"Id":"classisland.lessons.previousSubject","Settings":{"SubjectId":"3bbed0c0-bcf3-4dfe-a78d-5da9b02cf8bd","IsActive":false},"IsActive":false}],"Mode":1,"IsReversed":false,"IsEnabled":true,"IsActive":false}],"IsActive":false},"ActionSet":{"IsEnabled":true,"Name":"explorer","Guid":"573aa0dd-72d8-479b-a390-fb2a2b331a11","IsOn":false,"Actions":[{"Id":"classisland.action.sleep","Settings":{"Value":240,"IsActive":false},"IsActive":false},{"Id":"classisland.os.run","Settings":{"Value":"explorer.exe \u0022D:\\\u521D\u4E8C\u4E0B\u82F1\u8BED\u4E0A\u8BFE\u8BFE\u4EF6\\\u4EBA\u6559\u516B\u4E0B\u5355\u8BCD\u97F3\u9891\u0022","Args":"","IsActive":false},"IsActive":false}],"IsRevertEnabled":false,"IsActive":false},"Triggers":[{"Id":"classisland.lessons.onBreakingTime","Settings":null,"IsActive":false}],"IsConditionEnabled":true,"IsActive":false},{"Ruleset":{"Mode":0,"IsReversed":false,"Groups":[{"Rules":[{"IsReversed":false,"Id":"","Settings":null,"IsActive":false}],"Mode":1,"IsReversed":false,"IsEnabled":true,"IsActive":false}],"IsActive":false},"ActionSet":{"IsEnabled":true,"Name":"WEA-REP","Guid":"283202ba-9274-4260-ad7a-058224d71696","IsOn":true,"Actions":[{"Id":"classisland.notification.weather","Settings":{"NotificationKind":2},"IsActive":false},{"Id":"classisland.notification.weather","Settings":{"NotificationKind":0},"IsActive":false}],"IsRevertEnabled":false,"IsActive":false},"Triggers":[{"Id":"classisland.cron","Settings":{"CronExpression":"0 25 7 * * ?","IsActive":false},"IsActive":false},{"Id":"classisland.lessons.onAfterSchool","Settings":{"CronExpression":"* * * * *","IsActive":false},"IsActive":false},{"Id":"classisland.cron","Settings":{"CronExpression":"8 58 13 * * ?","IsActive":false},"IsActive":false}],"IsConditionEnabled":false,"IsActive":false},{"Ruleset":{"Mode":0,"IsReversed":false,"Groups":[{"Rules":[{"IsReversed":false,"Id":"","Settings":null,"IsActive":false}],"Mode":1,"IsReversed":false,"IsEnabled":true,"IsActive":false}],"IsActive":false},"ActionSet":{"IsEnabled":true,"Name":"shutdown","Guid":"7331671e-51ef-407b-aa3a-89b3633eb764","IsOn":false,"Actions":[{"Id":"classisland.os.run","Settings":{"Value":"shutdown /s /t 900","Args":"","IsActive":false},"IsActive":false}],"IsRevertEnabled":false,"IsActive":false},"Triggers":[{"Id":"classisland.lessons.onAfterSchool","Settings":null,"IsActive":false}],"IsConditionEnabled":false,"IsActive":false}]